<?xml version="1.0" encoding="utf-8"?>
<GameStateData xmlns:xsd="http://www.w3.org/2001/XMLSchema" xmlns:xsi="http://www.w3.org/2001/XMLSchema-instance">
  <FirstPlaceID>-1</FirstPlaceID>
  <SecondPlaceID>1</SecondPlaceID>
  <ThirdPlaceID>0</ThirdPlaceID>
  <FourthPlaceID>0</FourthPlaceID>
  <FirstRaceTime>0</FirstRaceTime>
  <SecondRaceTime>85.63716</SecondRaceTime>
  <ThirdRaceTime>0</ThirdRaceTime>
  <FourthRaceTime>0</FourthRaceTime>
  <oldGhostTime>0</oldGhostTime>
  <numPlayer>0</numPlayer>
</GameStateData>